op_index,op_type,input_shape,weight_shape,output_shape,input_scale,input_zp,weight_scale,weight_zp,output_scale,output_zp,param_count,macs,injection_candidate
0,PAD,"[1, 176, 176, 3]",,"[1, 178, 178, 3]",0.007874015718698502,0,,,0.007874015718698502,0,,,False
1,CONV_2D,"[1, 178, 178, 3]","[16, 3, 3, 3]","[1, 88, 88, 16]",0.007874015718698502,0,0.013604349456727505,0,0.02296213060617447,-128,432,3345408,True
2,PAD,"[1, 88, 88, 16]",,"[1, 90, 90, 16]",0.02296213060617447,-128,,,0.02296213060617447,-128,,,False
3,DEPTHWISE_CONV_2D,"[1, 90, 90, 16]","[1, 3, 3, 16]","[1, 88, 88, 16]",0.02296213060617447,-128,0.051075633615255356,0,0.02279956452548504,-128,144,1115136,True
4,PAD,"[1, 88, 88, 16]",,"[1, 88, 88, 16]",0.02279956452548504,-128,,,0.02279956452548504,-128,,,False
5,CONV_2D,"[1, 88, 88, 16]","[8, 1, 1, 16]","[1, 88, 88, 8]",0.02279956452548504,-128,0.021374331787228584,0,0.13489419221878052,0,128,991232,True
6,PAD,"[1, 88, 88, 8]",,"[1, 88, 88, 8]",0.13489419221878052,0,,,0.13489419221878052,0,,,False
7,CONV_2D,"[1, 88, 88, 8]","[24, 1, 1, 8]","[1, 88, 88, 24]",0.13489419221878052,0,0.004010153003036976,0,0.02311859093606472,-128,192,1486848,True
8,PAD,"[1, 88, 88, 24]",,"[1, 94, 94, 24]",0.02311859093606472,-128,,,0.02311859093606472,-128,,,False
9,DEPTHWISE_CONV_2D,"[1, 94, 94, 24]","[1, 7, 7, 24]","[1, 44, 44, 24]",0.02311859093606472,-128,0.003288526087999344,0,0.022238636389374733,-128,1176,2276736,True
10,PAD,"[1, 44, 44, 24]",,"[1, 44, 44, 24]",0.022238636389374733,-128,,,0.022238636389374733,-128,,,False
11,CONV_2D,"[1, 44, 44, 24]","[16, 1, 1, 24]","[1, 44, 44, 16]",0.022238636389374733,-128,0.01948404312133789,0,0.07173234224319458,0,384,743424,True
12,PAD,"[1, 44, 44, 16]",,"[1, 44, 44, 16]",0.07173234224319458,0,,,0.07173234224319458,0,,,False
13,CONV_2D,"[1, 44, 44, 16]","[80, 1, 1, 16]","[1, 44, 44, 80]",0.07173234224319458,0,0.0029185281600803137,0,0.023098120465874672,-128,1280,2478080,True
14,PAD,"[1, 44, 44, 80]",,"[1, 46, 46, 80]",0.023098120465874672,-128,,,0.023098120465874672,-128,,,False
15,DEPTHWISE_CONV_2D,"[1, 46, 46, 80]","[1, 3, 3, 80]","[1, 44, 44, 80]",0.023098120465874672,-128,0.019313247874379158,0,0.02313443459570408,-128,720,1393920,True
16,PAD,"[1, 44, 44, 80]",,"[1, 44, 44, 80]",0.02313443459570408,-128,,,0.02313443459570408,-128,,,False
17,CONV_2D,"[1, 44, 44, 80]","[16, 1, 1, 80]","[1, 44, 44, 16]",0.02313443459570408,-128,0.0124275553971529,0,0.07058085501194,0,1280,2478080,True
18,ADD,"[1, 44, 44, 16]",,"[1, 44, 44, 16]",0.07058085501194,0,,,0.06555090844631195,0,,,False
19,PAD,"[1, 44, 44, 16]",,"[1, 44, 44, 16]",0.06555090844631195,0,,,0.06555090844631195,0,,,False
20,CONV_2D,"[1, 44, 44, 16]","[80, 1, 1, 16]","[1, 44, 44, 80]",0.06555090844631195,0,0.0006406166939996183,0,0.00820219423621893,-128,1280,2478080,True
21,PAD,"[1, 44, 44, 80]",,"[1, 50, 50, 80]",0.00820219423621893,-128,,,0.00820219423621893,-128,,,False
22,DEPTHWISE_CONV_2D,"[1, 50, 50, 80]","[1, 7, 7, 80]","[1, 44, 44, 80]",0.00820219423621893,-128,0.034563928842544556,0,0.012282091192901134,-128,3920,7589120,True
23,PAD,"[1, 44, 44, 80]",,"[1, 44, 44, 80]",0.012282091192901134,-128,,,0.012282091192901134,-128,,,False
24,CONV_2D,"[1, 44, 44, 80]","[16, 1, 1, 80]","[1, 44, 44, 16]",0.012282091192901134,-128,0.009862701408565044,0,0.021758602932095528,0,1280,2478080,True
25,ADD,"[1, 44, 44, 16]",,"[1, 44, 44, 16]",0.021758602932095528,0,,,0.1004064679145813,0,,,False
26,PAD,"[1, 44, 44, 16]",,"[1, 44, 44, 16]",0.1004064679145813,0,,,0.1004064679145813,0,,,False
27,CONV_2D,"[1, 44, 44, 16]","[64, 1, 1, 16]","[1, 44, 44, 64]",0.1004064679145813,0,0.0008711096015758812,0,0.009756436571478844,-128,1024,1982464,True
28,PAD,"[1, 44, 44, 64]",,"[1, 48, 48, 64]",0.009756436571478844,-128,,,0.009756436571478844,-128,,,False
29,DEPTHWISE_CONV_2D,"[1, 48, 48, 64]","[1, 5, 5, 64]","[1, 44, 44, 64]",0.009756436571478844,-128,0.02921036072075367,0,0.013679337687790394,-128,1600,3097600,True
30,PAD,"[1, 44, 44, 64]",,"[1, 44, 44, 64]",0.013679337687790394,-128,,,0.013679337687790394,-128,,,False
31,CONV_2D,"[1, 44, 44, 64]","[16, 1, 1, 64]","[1, 44, 44, 16]",0.013679337687790394,-128,0.012365102767944336,0,0.013444670476019382,0,1024,1982464,True
32,ADD,"[1, 44, 44, 16]",,"[1, 44, 44, 16]",0.013444670476019382,0,,,0.14225490391254425,0,,,False
33,PAD,"[1, 44, 44, 16]",,"[1, 44, 44, 16]",0.14225490391254425,0,,,0.14225490391254425,0,,,False
34,CONV_2D,"[1, 44, 44, 16]","[80, 1, 1, 16]","[1, 44, 44, 80]",0.14225490391254425,0,0.004138451535254717,0,0.02316492423415184,-128,1280,2478080,True
35,PAD,"[1, 44, 44, 80]",,"[1, 48, 48, 80]",0.02316492423415184,-128,,,0.02316492423415184,-128,,,False
36,DEPTHWISE_CONV_2D,"[1, 48, 48, 80]","[1, 5, 5, 80]","[1, 22, 22, 80]",0.02316492423415184,-128,0.005571983754634857,0,0.022824440151453018,-128,2000,968000,True
37,PAD,"[1, 22, 22, 80]",,"[1, 22, 22, 80]",0.022824440151453018,-128,,,0.022824440151453018,-128,,,False
38,CONV_2D,"[1, 22, 22, 80]","[24, 1, 1, 80]","[1, 22, 22, 24]",0.022824440151453018,-128,0.008158178068697453,0,0.08175227791070938,0,1920,929280,True
39,PAD,"[1, 22, 22, 24]",,"[1, 22, 22, 24]",0.08175227791070938,0,,,0.08175227791070938,0,,,False
40,CONV_2D,"[1, 22, 22, 24]","[120, 1, 1, 24]","[1, 22, 22, 120]",0.08175227791070938,0,0.00228879414498806,0,0.010126522742211819,-128,2880,1393920,True
41,PAD,"[1, 22, 22, 120]",,"[1, 26, 26, 120]",0.010126522742211819,-128,,,0.010126522742211819,-128,,,False
42,DEPTHWISE_CONV_2D,"[1, 26, 26, 120]","[1, 5, 5, 120]","[1, 22, 22, 120]",0.010126522742211819,-128,0.020100878551602364,0,0.015814688056707382,-128,3000,1452000,True
43,PAD,"[1, 22, 22, 120]",,"[1, 22, 22, 120]",0.015814688056707382,-128,,,0.015814688056707382,-128,,,False
44,CONV_2D,"[1, 22, 22, 120]","[24, 1, 1, 120]","[1, 22, 22, 24]",0.015814688056707382,-128,0.011994436383247375,0,0.03606591001152992,0,2880,1393920,True
45,ADD,"[1, 22, 22, 24]",,"[1, 22, 22, 24]",0.03606591001152992,0,,,0.05693759769201279,0,,,False
46,PAD,"[1, 22, 22, 24]",,"[1, 22, 22, 24]",0.05693759769201279,0,,,0.05693759769201279,0,,,False
47,CONV_2D,"[1, 22, 22, 24]","[120, 1, 1, 24]","[1, 22, 22, 120]",0.05693759769201279,0,0.0009781023254618049,0,0.008234482258558273,-128,2880,1393920,True
48,PAD,"[1, 22, 22, 120]",,"[1, 26, 26, 120]",0.008234482258558273,-128,,,0.008234482258558273,-128,,,False
49,DEPTHWISE_CONV_2D,"[1, 26, 26, 120]","[1, 5, 5, 120]","[1, 22, 22, 120]",0.008234482258558273,-128,0.05211363732814789,0,0.009962532669305801,-128,3000,1452000,True
50,PAD,"[1, 22, 22, 120]",,"[1, 22, 22, 120]",0.009962532669305801,-128,,,0.009962532669305801,-128,,,False
51,CONV_2D,"[1, 22, 22, 120]","[24, 1, 1, 120]","[1, 22, 22, 24]",0.009962532669305801,-128,0.015078709460794926,0,0.010867958888411522,0,2880,1393920,True
52,ADD,"[1, 22, 22, 24]",,"[1, 22, 22, 24]",0.010867958888411522,0,,,0.0646895095705986,0,,,False
53,PAD,"[1, 22, 22, 24]",,"[1, 22, 22, 24]",0.0646895095705986,0,,,0.0646895095705986,0,,,False
54,CONV_2D,"[1, 22, 22, 24]","[120, 1, 1, 24]","[1, 22, 22, 120]",0.0646895095705986,0,0.002765457611531019,0,0.01613578386604786,-128,2880,1393920,True
55,PAD,"[1, 22, 22, 120]",,"[1, 24, 24, 120]",0.01613578386604786,-128,,,0.01613578386604786,-128,,,False
56,DEPTHWISE_CONV_2D,"[1, 24, 24, 120]","[1, 3, 3, 120]","[1, 11, 11, 120]",0.01613578386604786,-128,0.006597683299332857,0,0.02156909927725792,-128,1080,130680,True
57,PAD,"[1, 11, 11, 120]",,"[1, 11, 11, 120]",0.02156909927725792,-128,,,0.02156909927725792,-128,,,False
58,CONV_2D,"[1, 11, 11, 120]","[40, 1, 1, 120]","[1, 11, 11, 40]",0.02156909927725792,-128,0.009687098674476147,0,0.06708217412233353,0,4800,580800,True
59,PAD,"[1, 11, 11, 40]",,"[1, 11, 11, 40]",0.06708217412233353,0,,,0.06708217412233353,0,,,False
60,CONV_2D,"[1, 11, 11, 40]","[240, 1, 1, 40]","[1, 11, 11, 240]",0.06708217412233353,0,0.0017760625341907144,0,0.008433133363723755,-128,9600,1161600,True
61,PAD,"[1, 11, 11, 240]",,"[1, 17, 17, 240]",0.008433133363723755,-128,,,0.008433133363723755,-128,,,False
62,DEPTHWISE_CONV_2D,"[1, 17, 17, 240]","[1, 7, 7, 240]","[1, 11, 11, 240]",0.008433133363723755,-128,0.030569301918148994,0,0.01355760544538498,-128,11760,1422960,True
63,PAD,"[1, 11, 11, 240]",,"[1, 11, 11, 240]",0.01355760544538498,-128,,,0.01355760544538498,-128,,,False
64,CONV_2D,"[1, 11, 11, 240]","[40, 1, 1, 240]","[1, 11, 11, 40]",0.01355760544538498,-128,0.0122977364808321,0,0.02520747110247612,0,9600,1161600,True
65,ADD,"[1, 11, 11, 40]",,"[1, 11, 11, 40]",0.02520747110247612,0,,,0.04652569070458412,0,,,False
66,PAD,"[1, 11, 11, 40]",,"[1, 11, 11, 40]",0.04652569070458412,0,,,0.04652569070458412,0,,,False
67,CONV_2D,"[1, 11, 11, 40]","[160, 1, 1, 40]","[1, 11, 11, 160]",0.04652569070458412,0,0.0010565539123490453,0,0.005177202168852091,-128,6400,774400,True
68,PAD,"[1, 11, 11, 160]",,"[1, 15, 15, 160]",0.005177202168852091,-128,,,0.005177202168852091,-128,,,False
69,DEPTHWISE_CONV_2D,"[1, 15, 15, 160]","[1, 5, 5, 160]","[1, 11, 11, 160]",0.005177202168852091,-128,0.043097417801618576,0,0.012248776853084564,-128,4000,484000,True
70,PAD,"[1, 11, 11, 160]",,"[1, 11, 11, 160]",0.012248776853084564,-128,,,0.012248776853084564,-128,,,False
71,CONV_2D,"[1, 11, 11, 160]","[40, 1, 1, 160]","[1, 11, 11, 40]",0.012248776853084564,-128,0.014500988647341728,0,0.010844066739082336,0,6400,774400,True
72,ADD,"[1, 11, 11, 40]",,"[1, 11, 11, 40]",0.010844066739082336,0,,,0.04837863892316818,0,,,False
73,PAD,"[1, 11, 11, 40]",,"[1, 11, 11, 40]",0.04837863892316818,0,,,0.04837863892316818,0,,,False
74,CONV_2D,"[1, 11, 11, 40]","[200, 1, 1, 40]","[1, 11, 11, 200]",0.04837863892316818,0,0.0017676231218501925,0,0.012167252600193024,-128,8000,968000,True
75,PAD,"[1, 11, 11, 200]",,"[1, 15, 15, 200]",0.012167252600193024,-128,,,0.012167252600193024,-128,,,False
76,DEPTHWISE_CONV_2D,"[1, 15, 15, 200]","[1, 5, 5, 200]","[1, 11, 11, 200]",0.012167252600193024,-128,0.025934817269444466,0,0.0208275206387043,-128,5000,605000,True
77,PAD,"[1, 11, 11, 200]",,"[1, 11, 11, 200]",0.0208275206387043,-128,,,0.0208275206387043,-128,,,False
78,CONV_2D,"[1, 11, 11, 200]","[48, 1, 1, 200]","[1, 11, 11, 48]",0.0208275206387043,-128,0.005341090261936188,0,0.05639925226569176,0,9600,1161600,True
79,PAD,"[1, 11, 11, 48]",,"[1, 11, 11, 48]",0.05639925226569176,0,,,0.05639925226569176,0,,,False
80,CONV_2D,"[1, 11, 11, 48]","[240, 1, 1, 48]","[1, 11, 11, 240]",0.05639925226569176,0,0.0018380146939307451,0,0.009459229186177254,-128,11520,1393920,True
81,PAD,"[1, 11, 11, 240]",,"[1, 17, 17, 240]",0.009459229186177254,-128,,,0.009459229186177254,-128,,,False
82,DEPTHWISE_CONV_2D,"[1, 17, 17, 240]","[1, 7, 7, 240]","[1, 11, 11, 240]",0.009459229186177254,-128,0.031002385541796684,0,0.017623551189899445,-128,11760,1422960,True
83,PAD,"[1, 11, 11, 240]",,"[1, 11, 11, 240]",0.017623551189899445,-128,,,0.017623551189899445,-128,,,False
84,CONV_2D,"[1, 11, 11, 240]","[48, 1, 1, 240]","[1, 11, 11, 48]",0.017623551189899445,-128,0.004238917492330074,0,0.02392001822590828,0,11520,1393920,True
85,ADD,"[1, 11, 11, 48]",,"[1, 11, 11, 48]",0.02392001822590828,0,,,0.04785430058836937,0,,,False
86,PAD,"[1, 11, 11, 48]",,"[1, 11, 11, 48]",0.04785430058836937,0,,,0.04785430058836937,0,,,False
87,CONV_2D,"[1, 11, 11, 48]","[240, 1, 1, 48]","[1, 11, 11, 240]",0.04785430058836937,0,0.0008072888012975454,0,0.005145947448909283,-128,11520,1393920,True
88,PAD,"[1, 11, 11, 240]",,"[1, 13, 13, 240]",0.005145947448909283,-128,,,0.005145947448909283,-128,,,False
89,DEPTHWISE_CONV_2D,"[1, 13, 13, 240]","[1, 3, 3, 240]","[1, 11, 11, 240]",0.005145947448909283,-128,0.11416422575712204,0,0.018283661454916,-128,2160,261360,True
90,PAD,"[1, 11, 11, 240]",,"[1, 11, 11, 240]",0.018283661454916,-128,,,0.018283661454916,-128,,,False
91,CONV_2D,"[1, 11, 11, 240]","[48, 1, 1, 240]","[1, 11, 11, 48]",0.018283661454916,-128,0.004833315499126911,0,0.01157377753406763,0,11520,1393920,True
92,ADD,"[1, 11, 11, 48]",,"[1, 11, 11, 48]",0.01157377753406763,0,,,0.052783895283937454,0,,,False
93,PAD,"[1, 11, 11, 48]",,"[1, 11, 11, 48]",0.052783895283937454,0,,,0.052783895283937454,0,,,False
94,CONV_2D,"[1, 11, 11, 48]","[288, 1, 1, 48]","[1, 11, 11, 288]",0.052783895283937454,0,0.002881975146010518,0,0.012197376228868961,-128,13824,1672704,True
95,PAD,"[1, 11, 11, 288]",,"[1, 13, 13, 288]",0.012197376228868961,-128,,,0.012197376228868961,-128,,,False
96,DEPTHWISE_CONV_2D,"[1, 13, 13, 288]","[1, 3, 3, 288]","[1, 6, 6, 288]",0.012197376228868961,-128,0.005769589450210333,0,0.0230784323066473,-128,2592,93312,True
97,PAD,"[1, 6, 6, 288]",,"[1, 6, 6, 288]",0.0230784323066473,-128,,,0.0230784323066473,-128,,,False
98,CONV_2D,"[1, 6, 6, 288]","[96, 1, 1, 288]","[1, 6, 6, 96]",0.0230784323066473,-128,0.004250239115208387,0,0.06507851183414459,0,27648,995328,True
99,PAD,"[1, 6, 6, 96]",,"[1, 6, 6, 96]",0.06507851183414459,0,,,0.06507851183414459,0,,,False
100,CONV_2D,"[1, 6, 6, 96]","[480, 1, 1, 96]","[1, 6, 6, 480]",0.06507851183414459,0,0.0009438144625164568,0,0.009687225334346294,-128,46080,1658880,True
101,PAD,"[1, 6, 6, 480]",,"[1, 12, 12, 480]",0.009687225334346294,-128,,,0.009687225334346294,-128,,,False
102,DEPTHWISE_CONV_2D,"[1, 12, 12, 480]","[1, 7, 7, 480]","[1, 6, 6, 480]",0.009687225334346294,-128,0.03434380516409874,0,0.018816493451595306,-128,23520,846720,True
103,PAD,"[1, 6, 6, 480]",,"[1, 6, 6, 480]",0.018816493451595306,-128,,,0.018816493451595306,-128,,,False
104,CONV_2D,"[1, 6, 6, 480]","[96, 1, 1, 480]","[1, 6, 6, 96]",0.018816493451595306,-128,0.004795747343450785,0,0.027496028691530228,0,46080,1658880,True
105,ADD,"[1, 6, 6, 96]",,"[1, 6, 6, 96]",0.027496028691530228,0,,,0.043968942016363144,0,,,False
106,PAD,"[1, 6, 6, 96]",,"[1, 6, 6, 96]",0.043968942016363144,0,,,0.043968942016363144,0,,,False
107,CONV_2D,"[1, 6, 6, 96]","[384, 1, 1, 96]","[1, 6, 6, 384]",0.043968942016363144,0,0.0007848681998439133,0,0.006113478913903236,-128,36864,1327104,True
108,PAD,"[1, 6, 6, 384]",,"[1, 8, 8, 384]",0.006113478913903236,-128,,,0.006113478913903236,-128,,,False
109,DEPTHWISE_CONV_2D,"[1, 8, 8, 384]","[1, 3, 3, 384]","[1, 6, 6, 384]",0.006113478913903236,-128,0.04032738506793976,0,0.015195212326943874,-128,3456,124416,True
110,PAD,"[1, 6, 6, 384]",,"[1, 6, 6, 384]",0.015195212326943874,-128,,,0.015195212326943874,-128,,,False
111,CONV_2D,"[1, 6, 6, 384]","[96, 1, 1, 384]","[1, 6, 6, 96]",0.015195212326943874,-128,0.00600661663338542,0,0.013334653340280056,0,36864,1327104,True
112,ADD,"[1, 6, 6, 96]",,"[1, 6, 6, 96]",0.013334653340280056,0,,,0.05323520675301552,0,,,False
113,PAD,"[1, 6, 6, 96]",,"[1, 6, 6, 96]",0.05323520675301552,0,,,0.05323520675301552,0,,,False
114,CONV_2D,"[1, 6, 6, 96]","[480, 1, 1, 96]","[1, 6, 6, 480]",0.05323520675301552,0,0.0025164096150547266,0,0.012446554377675056,-128,46080,1658880,True
115,PAD,"[1, 6, 6, 480]",,"[1, 12, 12, 480]",0.012446554377675056,-128,,,0.012446554377675056,-128,,,False
116,DEPTHWISE_CONV_2D,"[1, 12, 12, 480]","[1, 7, 7, 480]","[1, 6, 6, 480]",0.012446554377675056,-128,0.0048135085962712765,0,0.022344764322042465,-128,23520,846720,True
117,PAD,"[1, 6, 6, 480]",,"[1, 6, 6, 480]",0.022344764322042465,-128,,,0.022344764322042465,-128,,,False
118,CONV_2D,"[1, 6, 6, 480]","[160, 1, 1, 480]","[1, 6, 6, 160]",0.022344764322042465,-128,0.02030828595161438,0,0.05043526738882065,0,76800,2764800,True
119,AVERAGE_POOL_2D,"[1, 6, 6, 160]",,"[1, 1, 1, 160]",0.05043526738882065,0,,,0.05043526738882065,0,,,False
120,CONV_2D,"[1, 1, 1, 160]","[1000, 1, 1, 160]","[1, 1, 1, 1000]",0.05043526738882065,0,0.004877720959484577,0,0.20263934135437012,0,160000,160000,True
121,RESHAPE,"[1, 1, 1, 1000]",,"[1, 1000]",0.20263934135437012,0,,,0.20178799331188202,-44,,,False
